time,ax,ay,az,gx,gy,gz
0.0,9.8261,-0.0459,-0.0169,0.0075,-0.0149,0.0004
0.01,9.8327,-0.078,-0.0288,-0.0114,-0.0065,0.0126
0.02,9.9621,0.0927,0.0959,-0.0042,-0.02,0.0174
0.03,9.9423,0.0566,0.0732,0.0096,0.0156,-0.0032
0.04,10.0377,-0.0696,0.0278,0.0103,-0.0023,-0.0166
0.05,9.9963,0.0078,0.0663,-0.0047,0.0217,0.0084
0.06,9.9142,-0.005,0.0399,-0.0041,0.008,-0.0028
0.07,9.9227,-0.0137,0.0091,-0.007,0.0045,0.0094
0.08,9.906,-0.0205,-0.0753,-0.012,-0.0059,0.0028
0.09,9.9402,0.0191,-0.0131,-0.0063,-0.0105,-0.0088
0.1,9.8551,0.0409,-0.0168,-0.0161,0.0052,0.0006
0.11,9.8294,0.0201,-0.0567,0.0068,-0.0007,0.0131
0.12,9.7751,-0.006,-0.0743,0.0039,-0.0134,-0.0015
0.13,9.6215,-0.0079,0.0246,0.0056,-0.0152,-0.0103
0.14,9.6104,0.0468,0.0162,-0.0095,-0.0096,-0.0159
0.15,9.5894,0.0232,-0.0584,-0.012,0.0182,-0.0077
0.16,9.5862,0.0036,-0.0373,0.0005,0.0221,-0.0041
0.17,9.5561,-0.0018,0.0581,0.0006,0.002,0.0082
0.18,9.6917,0.0173,-0.0439,-0.0015,0.0015,-0.0112
0.19,9.6839,-0.0234,0.0085,-0.0029,-0.0034,0.0155
0.2,9.8083,0.0411,-0.0095,0.0171,-0.0093,-0.0134
0.21,9.9776,-0.0538,0.0253,0.0043,0.0138,0.0233
0.22,9.9021,-0.0206,-0.0428,0.0197,0.0187,0.0173
0.23,9.9815,0.0306,0.0045,0.0127,-0.0089,0.0014
0.24,10.0455,-0.0566,0.0084,0.017,-0.0008,-0.0165
0.25,10.024,-0.0787,0.0115,-0.0107,-0.0045,-0.0006
0.26,10.0148,0.0032,0.004,0.0059,-0.0042,-0.0039
0.27,9.9537,-0.0848,0.0172,-0.0043,0.0119,-0.0127
0.28,9.916,-0.0649,0.1096,-0.0166,-0.0131,0.0029
0.29,9.8238,0.0378,0.1281,0.015,0.0047,-0.0082
0.3,9.8523,-0.0102,-0.032,-0.0029,0.0073,-0.0071
0.31,9.6611,0.0643,-0.1159,-0.0106,-0.0014,-0.002
0.32,9.741,-0.0602,0.0298,-0.0041,0.0089,-0.0057
0.33,9.578,-0.0047,0.0093,-0.008,0.0015,0.0208
0.34,9.6679,0.02,0.0531,-0.0069,0.0122,-0.0054
0.35,9.5923,-0.0585,0.0142,-0.0022,-0.0152,0.0044
0.36,9.5582,0.0516,0.0029,0.0173,-0.0035,0.0015
0.37,9.6772,0.0255,0.0564,-0.0067,-0.0007,0.0035
0.38,9.7389,-0.0805,0.0634,0.0166,-0.0267,0.0043
0.39,9.7263,-0.0019,-0.0693,0.0085,-0.0109,0.0088
0.4,9.846,0.0193,-0.0408,0.004,-0.0081,0.0027
0.41,9.7575,-0.0295,-0.0053,0.0075,0.0095,0.0022
0.42,9.8615,-0.074,0.0049,0.0001,-0.0071,0.0006
0.43,10.0364,0.0139,-0.0113,0.0129,-0.0082,-0.0014
0.44,9.989,0.1106,0.0217,0.0057,0.0082,-0.0091
0.45,9.9169,-0.0193,0.0498,-0.0166,-0.0162,-0.0006
0.46,9.9653,0.0785,0.0861,0.003,-0.0207,0.0024
0.47,9.9256,-0.0376,0.0289,0.0078,-0.0036,0.004
0.48,9.9193,0.0108,-0.0426,-0.0029,-0.0145,0.0018
0.49,9.8533,0.0386,-0.0074,0.0013,-0.0141,-0.0023
0.5,9.8189,-0.0004,-0.0038,-0.0061,0.0057,-0.0006
0.51,9.7447,-0.0149,0.0257,-0.0138,0.0088,-0.0055
0.52,9.7604,0.0363,0.0194,-0.0155,0.0079,0.0031
0.53,9.6694,0.0946,0.1025,-0.0154,0.0111,-0.0022
0.54,9.6427,0.015,-0.0231,0.0067,0.0124,0.0018
0.55,9.6683,-0.0258,0.0192,-0.0249,-0.0213,0.01
0.56,9.6004,-0.0095,0.1177,-0.0067,0.0045,-0.0071
0.57,9.5851,0.126,-0.0293,-0.0077,-0.0053,0.006
0.58,9.7528,0.0067,0.0073,-0.0028,-0.0075,0.0003
0.59,9.755,-0.0297,-0.0472,-0.0186,0.0056,0.0202
0.6,9.817,-0.0573,0.0041,0.004,-0.0173,-0.0022
0.61,9.8401,-0.0913,-0.039,-0.0127,-0.0175,0.007
0.62,9.8967,0.0182,0.0523,0.0113,0.0063,0.0002
0.63,10.0141,0.0327,0.0074,-0.0062,0.0049,-0.0139
0.64,10.0494,-0.0198,-0.0468,-0.001,0.0014,-0.0052
0.65,10.0492,-0.0007,0.042,0.0,-0.0088,0.0088
0.66,10.0399,-0.0585,0.009,0.0024,0.0074,-0.0043
0.67,10.0003,0.0066,0.0476,0.0004,0.0068,-0.0222
0.68,9.9341,0.0241,-0.0574,-0.0043,0.0009,-0.0003
0.69,9.863,-0.0268,0.0184,0.0034,-0.0118,-0.0109
0.7,9.8705,0.0845,0.0387,0.0047,-0.0043,0.0013
0.71,9.7295,-0.0419,-0.0212,-0.0077,0.0084,0.0155
0.72,9.7109,0.0142,-0.063,0.0043,0.0133,0.0077
0.73,9.608,0.0424,-0.0021,0.0119,-0.0033,0.0154
0.74,9.5868,-0.0039,0.0614,0.0071,-0.0025,-0.0056
0.75,9.5982,-0.0094,0.0563,0.0093,-0.0016,-0.0014
0.76,9.5796,-0.0714,-0.0214,0.0017,0.0027,-0.0104
0.77,9.6881,0.0679,-0.0642,-0.0094,-0.0058,-0.0068
0.78,9.625,-0.0085,-0.0216,-0.0081,-0.0289,-0.0093
0.79,9.7532,0.0269,-0.0234,0.0032,0.0119,-0.0131
0.8,9.8166,0.0336,0.0223,0.0094,0.0179,0.0137
0.81,9.7813,-0.0314,-0.0053,0.0279,-0.0061,-0.0209
0.82,9.9055,-0.0099,-0.0377,0.0098,-0.0107,0.0137
0.83,9.9846,0.0667,0.0552,-0.0117,-0.0014,0.0125
0.84,10.0216,-0.0559,0.007,-0.0077,-0.0019,0.005
0.85,9.9998,0.1064,0.0218,0.0228,0.01,-0.0111
0.86,10.0341,-0.0372,-0.0862,-0.0021,0.0005,-0.0158
0.87,9.9663,-0.059,-0.1212,0.0005,-0.0079,-0.0055
0.88,9.9282,0.0066,-0.0719,-0.0096,-0.0132,0.0063
0.89,9.8844,0.1104,-0.024,0.0157,0.0087,0.0
0.9,9.8563,-0.0955,0.0288,0.005,0.006,-0.0104
0.91,9.7144,-0.0071,-0.1171,-0.0077,0.0106,0.0115
0.92,9.6681,0.0238,0.0796,-0.0099,-0.0097,0.0168
0.93,9.6148,0.0017,0.0085,0.0031,0.0184,-0.0023
0.94,9.6032,0.0191,0.068,0.0004,-0.0174,0.0011
0.95,9.6813,-0.0359,-0.0443,0.0083,0.0071,-0.0151
0.96,9.6484,-0.03,0.0252,0.0055,-0.0191,-0.0041
0.97,9.5916,-0.0074,0.0043,-0.0026,-0.0079,0.0051
0.98,9.6624,-0.0565,0.0409,-0.0054,0.0156,0.0035
0.99,9.7668,-0.0022,-0.0117,-0.0016,0.0083,-0.0051
1.0,9.7647,-0.0194,0.0237,-0.0055,-0.0055,-0.0027
1.01,9.8355,-0.0235,0.0551,-0.0013,-0.0052,-0.0045
1.02,9.9948,0.016,-0.0326,0.0002,0.001,-0.0028
1.03,9.9411,-0.091,0.0121,-0.009,0.0051,0.0042
1.04,10.0479,-0.0115,-0.0944,0.0063,0.0125,-0.0197
1.05,10.0728,0.1159,0.0351,-0.0037,-0.0046,-0.0007
1.06,9.9635,-0.0543,0.0977,-0.0084,-0.0161,0.0035
1.07,9.9273,0.0643,-0.0622,-0.0035,0.0016,-0.0057
1.08,9.9138,0.0027,-0.0046,0.0024,-0.0046,-0.0048
1.09,9.8174,-0.0301,0.044,0.0008,-0.013,-0.0045
1.1,9.8161,-0.066,0.0016,0.0042,0.003,-0.0048
1.11,9.7379,0.007,0.0083,0.009,-0.0021,0.0001
1.12,9.7105,0.0727,-0.0195,0.013,0.0031,0.0013
1.13,9.718,-0.0195,-0.0214,0.0029,-0.0089,-0.021
1.14,9.6607,-0.004,-0.0043,-0.0107,0.0049,0.0065
1.15,9.6345,0.0505,0.0021,-0.0027,-0.0132,-0.0029
1.16,9.5215,0.017,-0.0591,-0.01,-0.0083,0.0193
1.17,9.6704,-0.0786,-0.0033,0.017,-0.0024,-0.0119
1.18,9.7786,0.0049,0.0784,0.0199,0.0174,-0.0087
1.19,9.5977,0.0756,-0.021,0.0065,0.0078,-0.002
1.2,9.8445,-0.0018,-0.0619,0.0086,0.0108,0.0041
1.21,9.8638,-0.1371,-0.0076,0.0025,0.0142,-0.0195
1.22,9.8851,0.0194,-0.0357,0.0037,0.036,-0.0083
1.23,10.0119,-0.0099,-0.0669,-0.016,0.0004,0.0059
1.24,10.0857,-0.0915,0.007,-0.0007,0.0142,-0.0095
1.25,10.0488,-0.084,-0.0355,-0.0088,0.0101,0.0137
1.26,9.9817,0.0488,-0.0312,0.0028,0.01,-0.0045
1.27,9.9246,-0.0366,0.0077,-0.0006,0.0177,-0.009
1.28,9.9348,-0.0454,-0.0767,0.0195,-0.0042,0.0061
1.29,9.9155,-0.0018,-0.0871,0.0092,-0.005,0.0161
1.3,9.7906,-0.0322,0.0335,0.0028,0.0032,0.0042
1.31,9.7337,0.005,-0.0965,-0.0027,-0.0018,0.0126
1.32,9.8335,-0.0101,-0.0488,0.0168,0.0032,0.0168
1.33,9.7021,-0.06,-0.09,-0.0003,0.0156,-0.0092
1.34,9.6773,-0.0256,-0.0243,0.0033,-0.0048,0.0094
1.35,9.537,0.0221,0.0214,0.0004,-0.003,-0.0152
1.36,9.5844,0.0021,0.0056,-0.004,0.0017,0.0042
1.37,9.6519,-0.0041,0.1196,0.0004,-0.0023,-0.0007
1.38,9.6424,0.0969,0.0543,-0.0196,-0.0191,0.0124
1.39,9.8282,0.0366,-0.0466,-0.0155,-0.0058,0.0117
1.4,9.8805,0.0426,-0.0599,0.0035,0.0069,0.0057
1.41,9.8451,-0.0083,0.1353,0.0157,0.0144,0.003
1.42,10.0168,0.011,0.0531,0.0035,-0.0115,0.0051
1.43,9.9716,-0.0216,0.0295,-0.0072,-0.0116,0.0006
1.44,10.1297,0.0389,0.0037,-0.0144,0.0003,-0.0006
1.45,10.0172,-0.0055,0.0137,0.0078,-0.0208,0.0144
1.46,10.029,0.0111,-0.0741,-0.0057,-0.0044,0.0156
1.47,10.0418,0.008,0.0079,0.0064,-0.0174,-0.0014
1.48,9.9914,-0.0009,0.0036,0.0039,0.0137,0.0024
1.49,9.8973,0.1469,-0.0452,0.0048,-0.0077,0.0008
1.5,9.8029,-0.0333,-0.0269,0.0003,0.0165,-0.0161
1.51,9.7739,-0.0338,0.0758,0.0038,0.0111,-0.0034
1.52,9.6516,0.0347,-0.0063,-0.0012,-0.0065,0.016
1.53,9.6558,-0.0298,0.1036,-0.0064,-0.0107,-0.0075
1.54,9.5643,-0.0146,-0.087,-0.0096,-0.0019,0.0211
1.55,9.521,-0.0543,-0.0261,-0.0239,-0.001,0.0117
1.56,9.6223,0.0246,-0.0774,-0.0018,0.0035,0.004
1.57,9.7113,0.0252,-0.0605,0.0152,-0.0078,0.0056
1.58,9.7387,-0.0158,-0.0414,0.0073,0.0075,-0.0092
1.59,9.7441,0.0357,0.0158,0.0023,0.0027,-0.0027
1.6,9.8973,-0.0929,0.0133,-0.0073,-0.0034,0.0144
1.61,9.8434,-0.0353,-0.034,0.01,-0.0071,-0.0061
1.62,9.8317,-0.0085,-0.1114,-0.0012,-0.0018,0.0106
1.63,9.8627,-0.0586,0.0739,0.0157,-0.0082,-0.0138
1.64,9.9412,-0.0874,-0.0143,-0.0098,0.0006,-0.012
1.65,10.0508,-0.0154,-0.0558,-0.0075,0.0009,0.019
1.66,9.9685,0.0347,0.0137,-0.0085,0.0026,-0.0001
1.67,9.9949,0.0641,0.0102,-0.0148,0.0177,-0.0054
1.68,10.0099,-0.0274,-0.0161,-0.0094,-0.0013,0.0136
1.69,9.8168,0.0367,0.0074,0.001,0.01,0.0125
1.7,9.8339,0.0318,-0.0578,-0.0071,0.0023,0.0092
1.71,9.7751,0.0609,0.038,-0.0386,-0.0024,-0.0057
1.72,9.6494,-0.0175,-0.0498,0.0107,-0.0012,-0.0029
1.73,9.7159,-0.0899,-0.0303,-0.0168,-0.0006,0.0031
1.74,9.6054,0.0035,0.0324,0.0059,0.0028,0.0069
1.75,9.5908,-0.0507,0.0602,0.0003,-0.0096,-0.0051
1.76,9.7254,-0.0362,0.0793,0.0212,-0.0147,0.0017
1.77,9.6743,-0.0151,0.0528,0.01,0.0065,0.0027
1.78,9.7387,-0.0169,-0.0162,-0.005,0.009,0.0129
1.79,9.8159,0.0071,-0.0771,-0.007,0.0075,0.0075
1.8,9.7775,0.0352,0.0703,0.015,0.0015,-0.0151
1.81,9.9343,-0.0184,0.0685,-0.0148,0.0077,-0.0021
1.82,9.9025,0.0198,-0.0336,0.0019,0.0071,-0.0093
1.83,9.9446,0.0007,0.0461,-0.0013,0.0079,0.0057
1.84,9.9866,0.0468,-0.0166,-0.0034,-0.0086,0.0092
1.85,9.9789,-0.0094,0.0751,0.0035,-0.011,0.001
1.86,10.0413,-0.0039,-0.0257,0.0019,-0.0039,-0.0027
1.87,9.9852,-0.0187,0.0989,0.0046,-0.0002,0.0007
1.88,9.903,-0.0081,0.0393,0.0014,-0.0024,0.0021
1.89,9.9055,-0.0392,0.0899,0.0042,-0.0188,-0.0064
1.9,9.7962,-0.0441,-0.0232,0.0009,0.0172,-0.0122
1.91,9.7318,0.0388,0.0203,-0.0066,-0.0027,-0.0205
1.92,9.6949,-0.0542,-0.0485,0.0,0.0017,0.0127
1.93,9.6714,-0.016,0.0422,-0.0071,0.0124,0.005
1.94,9.6393,0.0508,0.045,-0.0078,-0.0234,0.0036
1.95,9.5918,-0.0176,0.1199,-0.0034,-0.0051,0.0127
1.96,9.6621,0.0414,0.0241,-0.0012,-0.0039,-0.0126
1.97,9.6371,-0.0296,0.0362,0.0004,-0.0034,-0.0174
1.98,9.6597,-0.0526,-0.0235,0.0092,-0.0017,0.0038
1.99,9.6748,-0.0797,0.0271,-0.005,0.0145,0.0029
2.0,9.8592,0.0656,-0.019,0.002,0.0067,-0.0173
2.01,9.8724,-0.0568,0.0058,0.0012,0.0096,0.0036
2.02,9.9381,0.0374,0.0087,-0.0061,0.0005,-0.004
2.03,10.0241,-0.05,-0.0176,0.0007,-0.014,-0.0081
2.04,9.9763,0.0659,0.0031,0.01,-0.0208,-0.0033
2.05,9.9413,0.1103,-0.0188,0.0019,-0.0153,-0.0244
2.06,10.0037,-0.0843,-0.019,0.0023,0.0036,-0.0059
2.07,9.9872,-0.0542,0.0538,-0.0071,0.0003,-0.007
2.08,9.9144,0.0387,0.0088,0.0197,-0.0021,0.0056
2.09,9.9455,0.0257,0.0174,-0.0065,-0.0037,-0.0016
2.1,9.6857,0.0388,-0.0729,-0.0167,0.0201,0.0064
2.11,9.8042,-0.0287,0.0212,0.0086,-0.0082,-0.0255
2.12,9.732,0.0994,0.0265,-0.0011,0.0093,-0.0084
2.13,9.671,0.0059,-0.0199,-0.003,0.0,0.0056
2.14,9.453,-0.0608,0.1043,-0.0055,-0.0006,-0.0031
2.15,9.6742,-0.0127,-0.1145,0.0187,0.0118,0.0085
2.16,9.5685,-0.0602,0.0392,0.0035,0.0146,-0.018
2.17,9.6228,0.0795,0.0356,0.0055,-0.0024,0.0073
2.18,9.6839,-0.033,0.0271,0.0016,0.008,-0.0064
2.19,9.7686,0.0246,0.0088,0.0027,0.0036,-0.0074
2.2,9.842,-0.0235,0.0275,0.014,0.0001,0.0099
2.21,9.9164,-0.0308,0.0434,-0.0025,0.002,0.0116
2.22,9.9683,-0.0955,-0.0363,-0.0146,-0.0069,0.0103
2.23,9.9844,0.0299,0.015,0.0087,-0.0031,0.0204
2.24,10.021,0.065,-0.0092,0.005,-0.0058,0.0127
2.25,9.9555,-0.0458,-0.0547,0.0011,0.009,-0.008
2.26,9.9627,-0.0773,0.0359,0.0047,-0.001,0.0014
2.27,10.0166,0.0402,-0.0282,-0.0037,-0.013,-0.0036
2.28,9.9694,-0.0823,-0.0749,0.0002,-0.0072,0.0203
2.29,9.908,0.061,-0.027,-0.0013,-0.032,0.011
2.3,9.7843,-0.0452,-0.0399,-0.0059,-0.0049,-0.0019
2.31,9.7937,-0.0552,0.0514,0.0119,0.0004,0.0088
2.32,9.6344,0.0124,0.0077,-0.0141,-0.0014,-0.0123
2.33,9.7021,-0.0519,0.0691,0.0236,0.0198,0.0025
2.34,9.6067,-0.0354,-0.0333,0.0088,0.0057,-0.0094
2.35,9.6942,0.0177,0.0437,-0.0178,0.0053,-0.0169
2.36,9.5437,-0.1215,0.142,-0.0022,-0.0164,0.0078
2.37,9.7364,0.0821,0.0178,-0.0017,-0.0036,0.0091
2.38,9.6744,0.0022,0.0431,0.0039,-0.0049,0.0046
2.39,9.7292,-0.0646,0.0347,-0.0099,-0.0079,-0.0018
2.4,9.8197,-0.0509,-0.0711,0.0003,-0.008,-0.0127
2.41,9.8369,0.0496,0.0293,-0.0012,-0.0181,-0.0116
2.42,9.9239,0.0301,0.0153,-0.0074,-0.0128,-0.0097
2.43,9.9349,0.0693,-0.013,-0.0088,0.0087,-0.0023
2.44,9.9652,-0.0341,-0.0442,0.0092,-0.0014,0.0108
2.45,10.0343,0.0148,0.0347,-0.017,-0.0051,0.0106
2.46,9.9551,0.0213,-0.0486,0.0048,-0.0001,-0.0165
2.47,9.9334,0.0348,0.1067,0.008,0.0117,-0.0069
2.48,9.8589,0.0564,0.0057,-0.0022,0.0,-0.0072
2.49,9.8466,-0.0359,-0.0612,0.0005,0.0054,-0.0253
2.5,9.8756,-0.0057,-0.0257,0.0116,-0.0085,0.0057
2.51,9.7059,-0.0305,-0.0139,-0.007,-0.0062,-0.0025
2.52,9.6559,-0.0026,0.1206,-0.006,0.0035,-0.0011
2.53,9.6579,0.0349,-0.0442,-0.005,0.0189,0.0135
2.54,9.6012,-0.0827,-0.0058,0.0117,0.0143,0.0009
2.55,9.7214,0.0555,-0.0269,0.0129,0.0058,-0.0043
2.56,9.6117,-0.057,0.025,-0.014,0.0015,0.0057
2.57,9.665,-0.0154,-0.0261,0.0101,0.014,0.0106
2.58,9.7396,0.0622,-0.057,0.0082,0.0079,0.003
2.59,9.7944,0.0164,-0.0098,0.0155,-0.0229,0.0069
2.6,9.8217,0.017,-0.015,0.0039,-0.0105,-0.0015
2.61,9.8637,-0.059,-0.0296,-0.0004,0.0034,-0.0008
2.62,10.0288,-0.0522,-0.0269,0.0115,-0.0179,0.0011
2.63,9.9668,0.0471,0.0592,0.007,-0.009,-0.0075
2.64,9.9781,-0.0295,-0.016,0.0224,-0.007,-0.0057
2.65,9.9777,-0.0247,-0.0567,0.0096,-0.0026,0.0138
2.66,9.9139,0.0482,-0.0231,0.0015,-0.0029,0.0201
2.67,10.0129,-0.0525,0.0027,-0.0117,-0.0029,0.0159
2.68,9.8102,0.0135,-0.0668,-0.0058,0.0083,-0.0132
2.69,9.8715,0.0021,0.0813,-0.0144,-0.0027,-0.0142
2.7,9.7998,-0.0001,0.0434,-0.0022,-0.0038,-0.0119
2.71,9.8602,-0.0259,0.0715,0.0093,-0.0135,0.0013
2.72,9.6009,-0.029,0.0196,-0.0,0.0102,-0.0281
2.73,9.6031,-0.0539,-0.1047,0.0102,-0.0067,-0.0059
2.74,9.613,0.0241,0.0768,0.0034,-0.0109,0.0141
2.75,9.6001,-0.0334,-0.0432,-0.004,0.0021,0.0098
2.76,9.5923,0.0484,-0.0391,0.0009,-0.0077,-0.0051
2.77,9.6441,-0.0112,0.0078,0.0047,-0.0053,-0.0043
2.78,9.6295,-0.0529,0.0689,0.0014,0.0026,0.0057
2.79,9.7661,-0.0119,0.0527,0.0015,-0.0033,0.0094
2.8,9.6939,-0.0205,0.0453,-0.0077,0.0231,-0.0053
2.81,9.8705,0.0505,-0.0156,-0.0043,-0.0007,-0.0023
2.82,9.8975,-0.0185,-0.0164,0.0226,0.0062,-0.0057
2.83,10.0226,-0.0138,0.0173,0.0123,-0.0194,-0.0133
2.84,10.088,0.0706,-0.0065,-0.0147,-0.0086,-0.0022
2.85,9.9934,0.0254,0.0445,-0.0237,-0.0109,-0.003
2.86,10.0697,0.0831,0.0415,0.0008,-0.0095,-0.0126
2.87,9.956,0.063,0.0296,0.0089,0.0042,0.0065
2.88,9.8793,-0.0444,-0.1263,-0.0052,0.0104,0.0048
2.89,9.9591,0.0495,0.0064,0.0102,0.0034,0.007
2.9,9.836,0.0763,-0.0054,0.0006,-0.0023,-0.0077
2.91,9.7484,0.0766,0.0084,-0.0016,-0.0063,-0.0198
2.92,9.7268,0.0494,-0.0377,0.0076,0.0111,0.0047
2.93,9.6619,0.0484,-0.0662,-0.0053,0.0207,-0.0066
2.94,9.6163,-0.0151,0.0232,-0.0029,0.0014,-0.0089
2.95,9.5437,-0.0419,-0.0178,0.0067,0.0094,-0.0126
2.96,9.6063,-0.0176,0.0287,-0.0003,0.0034,-0.0028
2.97,9.6794,-0.0832,-0.0335,0.0191,0.0076,0.0158
2.98,9.6863,0.0671,0.0708,0.0069,-0.0116,-0.0051
2.99,9.7933,-0.0142,0.0501,0.0063,-0.0049,-0.0109
3.0,9.8292,0.0646,0.0148,-0.0005,0.004,0.0065
3.01,9.8279,-0.0616,-0.0107,0.0087,0.0121,0.0017
3.02,9.8616,0.0541,0.0426,-0.0032,-0.0082,-0.0212
3.03,9.9639,-0.0247,0.0196,0.0028,-0.0203,0.0066
3.04,9.974,-0.0642,0.0119,-0.0092,-0.005,0.0213
3.05,10.0268,0.0814,0.0521,0.0104,0.0101,-0.026
3.06,9.9643,0.0554,0.0713,0.0029,-0.0158,-0.0124
3.07,9.941,0.0106,-0.0626,0.0198,-0.0118,-0.0285
3.08,9.9802,0.0017,-0.0525,0.0239,0.0016,-0.0008
3.09,9.8792,0.022,-0.039,0.0076,-0.0012,0.0099
3.1,9.7749,0.0097,-0.0751,0.0007,0.0059,0.0011
3.11,9.7491,-0.0396,-0.0031,-0.0095,-0.0123,0.0139
3.12,9.7614,-0.0206,0.03,0.009,-0.0032,0.0083
3.13,9.6629,0.098,-0.0011,0.0021,0.012,0.017
3.14,9.6494,0.1336,-0.0267,0.0054,-0.0119,0.0116
3.15,9.5724,0.0781,0.0563,0.0173,0.0148,-0.004
3.16,9.6711,0.0239,0.007,-0.0082,-0.0107,0.0007
3.17,9.7641,-0.0169,0.0171,-0.0092,0.0085,-0.0087
3.18,9.6529,-0.0399,0.0577,-0.0024,-0.0037,-0.0023
3.19,9.6891,-0.0366,-0.0062,0.0082,-0.0114,0.0006
3.2,9.8188,-0.0277,0.103,0.0055,-0.005,-0.0008
3.21,9.9156,0.1076,-0.0224,-0.009,0.0054,0.0134
3.22,9.923,0.0903,0.0999,0.0076,-0.0001,-0.0033
3.23,9.9191,0.0373,-0.0487,-0.012,0.0112,-0.0093
3.24,9.9948,-0.048,0.0259,-0.0084,0.0144,-0.0087
3.25,10.0399,0.0447,-0.0321,-0.0012,-0.0118,0.0066
3.26,9.9799,-0.0119,0.056,-0.0055,-0.0126,-0.014
3.27,10.0022,-0.1077,-0.0239,0.0089,-0.013,-0.002
3.28,9.9858,0.0144,0.0145,0.0029,-0.009,0.0133
3.29,9.8838,-0.0421,-0.0325,0.0177,0.011,0.0029
3.3,9.8086,-0.0404,0.0469,-0.0025,0.0056,-0.0007
3.31,9.7897,-0.0125,-0.0328,-0.0012,-0.0055,-0.0004
3.32,9.6496,-0.0249,0.0842,0.0121,-0.0001,-0.0103
3.33,9.6005,-0.0017,-0.0498,-0.0009,0.014,-0.0086
3.34,9.6065,-0.0041,-0.0673,0.0149,0.0191,-0.002
3.35,9.5854,-0.0938,0.0476,0.0054,0.0026,0.0027
3.36,9.5796,0.076,-0.0296,-0.0235,-0.0266,0.0095
3.37,9.7397,-0.0492,-0.0004,0.0118,0.003,0.0009
3.38,9.801,-0.0476,-0.0161,0.0091,0.0093,0.0135
3.39,9.7305,-0.0164,-0.0656,0.0095,0.0022,0.0161
3.4,9.8146,-0.0054,-0.0038,-0.0191,0.0073,0.008
3.41,9.8624,0.0729,0.0632,-0.0066,0.0036,0.0122
3.42,9.9829,0.0135,0.0502,-0.0059,-0.0123,-0.0099
3.43,10.0371,0.0283,0.0116,-0.0084,-0.0089,-0.0115
3.44,9.9113,0.0137,0.0556,0.0174,-0.0032,0.0052
3.45,10.0338,0.0116,-0.053,-0.0001,0.0107,-0.0134
3.46,9.9349,0.0155,-0.0163,-0.0004,-0.0077,-0.0029
3.47,10.0597,-0.0966,0.0198,0.0055,0.0046,0.0077
3.48,9.9496,-0.0125,-0.0065,0.0057,0.003,0.0141
3.49,9.8306,0.0581,-0.0123,-0.0333,0.0159,-0.0025
3.5,9.7979,0.1971,-0.06,-0.0065,-0.0004,-0.0065
3.51,9.7337,-0.0602,-0.1041,-0.0141,-0.0175,0.0032
3.52,9.7187,0.0212,0.0409,0.004,0.0065,-0.0107
3.53,9.7003,-0.0286,0.0122,-0.0029,0.0214,-0.0017
3.54,9.5624,0.1024,0.0451,0.0002,0.0071,-0.0001
3.55,9.7019,-0.0677,-0.0219,-0.0208,-0.0079,-0.0003
3.56,9.7001,0.0312,-0.0356,-0.0031,-0.0108,0.0009
3.57,9.6044,-0.0704,0.0003,0.0112,-0.0095,-0.0083
3.58,9.6961,-0.0159,0.0427,0.0141,0.02,-0.0073
3.59,9.8337,-0.0017,-0.0116,0.0072,-0.0033,-0.0075
3.6,9.8716,0.0535,0.0401,-0.0134,-0.0066,-0.0162
3.61,9.855,-0.0539,-0.0503,0.0126,-0.0016,0.0034
3.62,9.9683,0.0332,-0.0081,0.0072,-0.0032,0.0089
3.63,10.1217,0.0009,-0.0035,-0.0012,0.0157,0.008
3.64,10.0055,0.0136,0.0613,-0.0203,-0.0101,-0.0026
3.65,9.9784,0.0479,0.0104,0.0095,0.0118,-0.0081
3.66,10.0088,-0.0641,0.0873,-0.0059,0.0012,0.0074
3.67,9.9841,0.0405,-0.0674,0.0035,0.0121,0.0064
3.68,9.9013,-0.0284,0.0065,0.0007,0.0158,0.0022
3.69,9.8939,0.0548,0.009,0.0154,0.0008,0.0174
3.7,9.7473,0.0167,0.031,-0.0013,-0.0032,-0.0003
3.71,9.7149,-0.0105,-0.0407,-0.0002,0.0007,-0.0026
3.72,9.7304,-0.0295,0.0842,0.0158,-0.0009,-0.004
3.73,9.5605,0.0412,0.0006,-0.0066,-0.0166,-0.0156
3.74,9.6649,0.063,-0.0544,0.0081,0.0155,0.0066
3.75,9.5094,-0.0266,-0.0008,-0.002,0.0025,-0.0011
3.76,9.5332,-0.0567,-0.0157,-0.01,-0.0116,0.0051
3.77,9.6232,0.0347,0.1392,0.0,-0.0207,0.0184
3.78,9.7068,-0.0724,0.0525,0.0069,-0.0233,-0.0039
3.79,9.8145,-0.0653,0.0025,0.0135,0.0077,-0.0234
3.8,9.8129,-0.0531,-0.0056,0.0147,-0.0062,0.0048
3.81,9.8595,-0.0208,0.0476,-0.0029,-0.0045,0.0017
3.82,9.9565,-0.0668,0.0499,-0.0099,0.0049,-0.0073
3.83,9.9283,-0.0969,-0.1456,-0.0032,-0.0052,0.004
3.84,10.0072,-0.0568,0.0321,-0.0118,0.0055,0.0079
3.85,9.95,0.0321,0.0014,-0.0022,0.001,-0.0095
3.86,10.0043,-0.0636,-0.0656,-0.0034,-0.0008,-0.003
3.87,9.9653,-0.017,0.044,0.0073,-0.0157,0.0148
3.88,9.8873,0.0973,0.1123,-0.0221,-0.0082,-0.0072
3.89,9.8801,-0.0025,0.0278,-0.0073,0.006,0.0007
3.9,9.8179,0.0171,0.055,-0.0073,-0.0068,-0.0262
3.91,9.807,-0.0473,0.0902,0.0119,0.0121,-0.0148
3.92,9.6122,0.1082,-0.0415,-0.0111,0.0235,0.0016
3.93,9.6444,-0.0271,-0.0929,0.0023,0.0066,0.0123
3.94,9.5818,-0.0114,0.0328,-0.0013,0.0149,-0.0136
3.95,9.6535,0.0659,-0.0124,0.0104,0.0072,0.0007
3.96,9.6575,-0.0091,-0.0687,0.006,-0.0053,-0.0038
3.97,9.6736,0.0024,-0.0039,0.0012,0.002,0.0095
3.98,9.6573,-0.0141,0.0364,-0.0055,0.0201,-0.0122
3.99,9.7925,-0.0137,-0.0074,-0.0185,-0.0052,0.0043
4.0,9.7335,0.0185,-0.0393,0.0025,-0.0104,-0.0065
4.01,9.785,0.0276,-0.0112,0.0053,-0.0113,0.0022
4.02,9.8638,-0.0322,-0.001,-0.0157,-0.0022,0.0007
4.03,9.9701,-0.0383,-0.0965,-0.0123,-0.01,-0.0025
4.04,10.034,-0.0305,-0.0071,0.0025,0.0167,0.0048
4.05,9.8612,-0.0701,-0.0672,0.0034,0.0022,0.0004
4.06,10.0663,-0.0795,0.033,-0.0099,0.0097,-0.0013
4.07,9.9784,0.0149,-0.0781,-0.0057,-0.003,-0.0036
4.08,9.8492,0.0469,0.0506,-0.0184,-0.0114,0.0008
4.09,9.8769,0.0436,-0.0205,0.0138,-0.0131,0.0022
4.1,9.8646,-0.1191,-0.0271,-0.013,-0.0091,-0.0099
4.11,9.7782,-0.0123,0.0147,0.0054,0.0035,-0.0035
4.12,9.7474,-0.0551,-0.0433,-0.0003,0.0052,-0.0106
4.13,9.5799,0.0072,0.0139,0.0129,0.006,-0.0004
4.14,9.5991,-0.0209,-0.0366,-0.0079,-0.0149,-0.0059
4.15,9.5638,0.0296,-0.0278,0.0006,-0.0,0.0077
4.16,9.7057,-0.001,0.0203,-0.017,-0.0103,0.0067
4.17,9.6802,-0.0948,-0.0569,-0.0194,0.004,-0.0092
4.18,9.8348,-0.0484,-0.0632,0.006,0.0048,-0.0
4.19,9.7248,0.0003,0.0124,-0.0179,-0.0117,0.0064
4.2,9.7738,0.0045,-0.0013,-0.0023,0.0097,-0.0018
4.21,9.8647,-0.0703,0.0084,0.0101,0.0234,-0.0073
4.22,9.9965,-0.0768,0.0164,0.0075,0.0083,-0.0109
4.23,9.9535,0.0028,0.0029,-0.0066,-0.0016,0.0085
4.24,10.0064,-0.0702,0.0304,-0.0159,-0.0032,0.009
4.25,10.0148,-0.0834,0.0049,0.0051,-0.0021,-0.0021
4.26,10.0022,-0.0223,-0.1004,0.0134,-0.0076,0.0077
4.27,9.9392,-0.0244,-0.0874,-0.0066,0.0025,-0.0297
4.28,9.9207,-0.0439,0.0964,-0.008,-0.0114,0.0133
4.29,9.8628,-0.0352,0.0,-0.0052,-0.0189,-0.0016
4.3,9.8096,0.0007,0.0475,0.0057,0.0022,0.0014
4.31,9.7954,-0.036,-0.0173,0.0123,0.0002,-0.0032
4.32,9.7805,0.0035,-0.0029,-0.0124,-0.0057,0.014
4.33,9.6062,-0.019,-0.0227,-0.015,-0.0128,-0.0106
4.34,9.6002,0.0084,0.1233,0.0234,0.0029,0.0147
4.35,9.5687,0.0439,0.0127,-0.0018,-0.0099,0.004
4.36,9.6291,0.042,-0.0267,0.0025,-0.0014,0.0062
4.37,9.6213,0.0644,-0.0826,-0.0069,0.0176,-0.0033
4.38,9.7044,0.0419,0.0987,0.0049,0.0065,-0.0131
4.39,9.8034,0.0119,-0.0082,0.0096,-0.0137,0.0093
4.4,9.6837,-0.0217,0.0372,0.003,-0.0127,0.0031
4.41,9.8964,-0.0194,0.0428,0.0174,0.0015,0.0136
4.42,9.9045,-0.0439,-0.0231,-0.0033,-0.0138,-0.0019
4.43,9.9948,0.0002,0.0336,-0.0026,-0.02,-0.0042
4.44,9.9554,0.0349,-0.0302,0.0023,0.0053,0.0139
4.45,10.0698,-0.0363,-0.0495,0.0046,0.0032,0.0191
4.46,10.0459,-0.0019,0.0582,0.0023,0.0045,0.0001
4.47,10.0002,-0.0339,-0.0079,-0.0128,0.0026,-0.0075
4.48,9.9672,0.0105,0.0259,0.0031,-0.0007,0.0081
4.49,9.8345,-0.0275,0.0205,-0.0037,-0.0066,-0.0025
4.5,9.779,-0.037,0.0319,-0.0058,0.0052,0.006
4.51,9.7858,-0.034,-0.0778,0.0003,0.0153,-0.0026
4.52,9.6541,0.0252,-0.0293,-0.0096,-0.005,0.0156
4.53,9.7205,-0.0048,-0.0162,-0.0114,-0.0102,-0.007
4.54,9.6036,-0.0214,-0.0416,-0.0262,-0.0114,0.0048
4.55,9.6351,0.0131,0.0215,0.0175,-0.0087,-0.0049
4.56,9.7248,-0.0207,0.0593,0.0056,0.002,-0.0028
4.57,9.6129,0.0563,0.0673,-0.0012,-0.0214,-0.0041
4.58,9.6959,-0.0487,-0.017,-0.0067,0.0044,0.0074
4.59,9.8009,-0.0093,0.0146,-0.0288,0.0064,0.0092
4.6,9.8576,-0.0702,0.0223,-0.0073,-0.018,0.0056
4.61,9.8554,-0.0173,0.0311,0.0072,-0.0098,-0.0011
4.62,9.9017,-0.084,-0.0439,0.0094,0.0008,0.0014
4.63,9.9601,0.0373,0.091,0.0064,-0.0014,0.009
4.64,10.0726,0.0383,0.0463,0.0016,0.0052,0.0093
4.65,9.996,0.0392,0.0476,0.013,-0.0014,-0.0269
4.66,10.0041,0.0014,0.0602,-0.0033,0.0126,-0.0027
4.67,9.9505,-0.044,0.0267,0.0109,-0.0032,-0.0022
4.68,9.9628,-0.04,-0.0514,-0.0038,-0.0098,0.0067
4.69,9.8796,0.0765,-0.0069,-0.0088,-0.0106,-0.0007
4.7,9.7598,0.0718,-0.0826,-0.0101,0.0074,0.0072
4.71,9.6998,0.0061,0.0208,-0.0106,0.0003,-0.0108
4.72,9.5925,-0.0258,-0.0085,0.0066,0.0063,0.0026
4.73,9.6066,0.0684,-0.002,-0.0074,0.0061,0.009
4.74,9.6595,-0.0347,0.0602,-0.0103,-0.0202,-0.0147
4.75,9.6762,0.0114,-0.0228,0.0071,-0.0114,0.0251
4.76,9.6541,0.0676,-0.0126,0.0033,-0.0102,0.0119
4.77,9.6759,-0.0418,0.0011,0.0096,-0.0082,0.0
4.78,9.6861,0.0415,-0.092,0.0051,-0.0042,-0.0083
4.79,9.7869,0.026,-0.0133,-0.0075,0.01,-0.0018
4.8,9.8243,-0.002,-0.1243,0.0008,0.012,0.0008
4.81,9.962,-0.0497,-0.0293,0.0013,-0.0029,0.0044
4.82,9.9226,-0.0362,0.0428,-0.0092,-0.0025,0.015
4.83,10.039,0.0145,0.0224,-0.011,-0.0071,-0.0048
4.84,10.0439,-0.0712,-0.0297,-0.0068,0.0009,0.0056
4.85,10.0468,0.0065,0.002,0.0204,0.002,-0.0129
4.86,9.8996,0.0271,-0.0537,-0.0041,0.0081,-0.0041
4.87,10.0183,0.0493,-0.0001,0.0123,0.008,0.0038
4.88,9.9212,-0.0699,0.1465,-0.0047,-0.023,0.0069
4.89,9.8496,0.0658,0.0923,0.0089,-0.0015,-0.0075
4.9,9.7359,0.0848,0.0026,0.009,0.0138,-0.0044
4.91,9.7479,0.0205,0.008,0.0095,-0.0044,0.0146
4.92,9.6941,-0.0519,-0.049,0.0039,0.0114,0.0116
4.93,9.583,-0.0164,-0.0401,0.0138,-0.0031,0.0021
4.94,9.5461,-0.0024,0.0181,0.0038,0.0017,-0.0224
4.95,9.6343,0.0135,-0.0262,0.0171,-0.0114,0.0251
4.96,9.6634,0.0011,0.0452,-0.0162,-0.011,-0.0002
4.97,9.6577,0.0141,0.0785,0.0035,0.0073,-0.0031
4.98,9.75,-0.0045,0.0166,0.0028,0.0088,-0.0052
4.99,9.7439,0.0133,0.0051,-0.0094,0.0003,0.0038
5.0,9.8073,-0.023,-0.084,0.0058,-0.0123,0.0039
